MemoryType,BlockSize,ElementType,BufferSize,LaunchNum,Timer,WriteTime,AverageWriteTime,WriteBandwidth,AbsError(write),RelError(write),ReadTime,AverageReadTime,ReadBandwidth,AbsError(read),RelError(read)
RAM,100/1Mb,c,1,1,std::chrono::system_clock::now(),0.088562,0.088562,1129.155110,0.000000,0.000000,0.031369,0.031369,3187.889793,0.000000,0.000000
RAM,100/1Mb,c,1,2,std::chrono::system_clock::now(),0.089780,0.089171,1121.442349,0.000609,0.683056,0.033581,0.032475,3079.292616,0.001106,3.406554
RAM,100/1Mb,c,1,3,std::chrono::system_clock::now(),0.089382,0.089241,1120.557017,0.000507,0.568346,0.035611,0.033520,2983.272967,0.001732,5.168003
RAM,100/1Mb,c,1,4,std::chrono::system_clock::now(),0.097857,0.091395,1094.148078,0.003757,4.110238,0.037670,0.034558,2893.712626,0.002341,6.773777
RAM,100/1Mb,c,1,5,std::chrono::system_clock::now(),0.099159,0.092948,1075.870437,0.004575,4.922360,0.036659,0.034978,2858.937551,0.002256,6.450354
RAM,100/1Mb,c,1,6,std::chrono::system_clock::now(),0.097639,0.093730,1066.896638,0.004528,4.830582,0.038009,0.035483,2818.237849,0.002349,6.620083
RAM,100/1Mb,c,1,7,std::chrono::system_clock::now(),0.097115,0.094213,1061.419837,0.004356,4.623559,0.036398,0.035614,2807.898912,0.002198,6.172286
RAM,100/1Mb,c,1,8,std::chrono::system_clock::now(),0.097341,0.094604,1057.034122,0.004204,4.443645,0.036309,0.035701,2801.066075,0.002069,5.795468
RAM,100/1Mb,c,1,9,std::chrono::system_clock::now(),0.098715,0.095061,1051.955742,0.004169,4.385236,0.037317,0.035880,2787.045910,0.002016,5.617973
RAM,100/1Mb,c,1,10,std::chrono::system_clock::now(),0.097769,0.095332,1048.967531,0.004037,4.235009,0.035774,0.035870,2787.870504,0.001913,5.331993
RAM,1/1Mb,c,1,1,std::chrono::system_clock::now(),0.001031,0.001031,969.536203,0.000000,0.000000,0.001218,0.001218,820.738418,0.000000,0.000000
RAM,1/1Mb,c,1,2,std::chrono::system_clock::now(),0.000901,0.000966,1034.892433,0.000065,6.740979,0.000442,0.000830,1204.832342,0.000388,46.798580
RAM,1/1Mb,c,1,3,std::chrono::system_clock::now(),0.000580,0.000837,1194.092110,0.000190,22.663128,0.000493,0.000718,1393.257655,0.000355,49.412873
RAM,1/1Mb,c,1,4,std::chrono::system_clock::now(),0.000478,0.000748,1337.427198,0.000226,30.257373,0.000470,0.000656,1524.880135,0.000325,49.611548
RAM,1/1Mb,c,1,5,std::chrono::system_clock::now(),0.000699,0.000738,1355.148330,0.000203,27.549359,0.000713,0.000667,1498.862963,0.000292,43.750099
RAM,1/1Mb,c,1,6,std::chrono::system_clock::now(),0.000529,0.000703,1422.205029,0.000201,28.618918,0.000491,0.000638,1567.726162,0.000274,43.017817
RAM,1/1Mb,c,1,7,std::chrono::system_clock::now(),0.000617,0.000691,1447.548793,0.000189,27.319100,0.000710,0.000648,1542.633769,0.000255,39.384929
RAM,1/1Mb,c,1,8,std::chrono::system_clock::now(),0.000485,0.000665,1503.551671,0.000189,28.448595,0.000472,0.000626,1596.920180,0.000246,39.257752
RAM,1/1Mb,c,1,9,std::chrono::system_clock::now(),0.000486,0.000645,1550.015647,0.000187,28.999076,0.000458,0.000607,1646.189592,0.000238,39.139720
RAM,1/1Mb,c,1,10,std::chrono::system_clock::now(),0.000529,0.000634,1578.489357,0.000181,28.553192,0.000504,0.000597,1674.739469,0.000228,38.131788
RAM,160/1Kb,c,1,1,std::chrono::system_clock::now(),0.000144,0.000144,1088.470916,0.000000,0.000000,0.000116,0.000116,1346.483631,0.000000,0.000000
RAM,160/1Kb,c,1,2,std::chrono::system_clock::now(),0.000120,0.000132,1185.976258,0.000012,8.958011,0.000080,0.000098,1592.608259,0.000018,18.279066
RAM,160/1Kb,c,1,3,std::chrono::system_clock::now(),0.000075,0.000113,1384.389112,0.000028,25.153033,0.000079,0.000092,1705.848102,0.000017,18.885602
RAM,160/1Kb,c,1,4,std::chrono::system_clock::now(),0.000054,0.000098,1592.571736,0.000035,36.143609,0.000066,0.000085,1836.657929,0.000019,22.056906
RAM,160/1Kb,c,1,5,std::chrono::system_clock::now(),0.000052,0.000089,1757.715386,0.000037,41.269670,0.000057,0.000079,1968.900818,0.000020,25.585964
RAM,160/1Kb,c,1,6,std::chrono::system_clock::now(),0.000041,0.000081,1932.137160,0.000038,46.982255,0.000042,0.000073,2138.638526,0.000023,31.863024
RAM,160/1Kb,c,1,7,std::chrono::system_clock::now(),0.000039,0.000075,2086.683952,0.000038,50.898492,0.000040,0.000068,2286.027798,0.000024,35.766903
RAM,160/1Kb,c,1,8,std::chrono::system_clock::now(),0.000037,0.000070,2228.787736,0.000038,53.951047,0.000043,0.000065,2396.876774,0.000024,37.351542
RAM,160/1Kb,c,1,9,std::chrono::system_clock::now(),0.000038,0.000067,2348.203760,0.000037,55.692331,0.000040,0.000062,2506.237747,0.000024,39.018081
RAM,160/1Kb,c,1,10,std::chrono::system_clock::now(),0.000033,0.000063,2472.400103,0.000037,57.847415,0.000031,0.000059,2638.457824,0.000025,42.060015
RAM,64/1b,c,1,1,std::chrono::system_clock::now(),0.000011,0.000011,5.333842,0.000000,0.000000,0.000001,0.000001,63.314477,0.000000,0.000000
RAM,64/1b,c,1,2,std::chrono::system_clock::now(),0.000003,0.000007,8.719931,0.000004,63.483106,0.000001,0.000001,77.259691,0.000000,22.025316
RAM,64/1b,c,1,3,std::chrono::system_clock::now(),0.000002,0.000005,11.782091,0.000004,85.857035,0.000001,0.000001,87.694190,0.000000,27.954912
RAM,64/1b,c,1,4,std::chrono::system_clock::now(),0.000001,0.000004,14.389993,0.000004,98.573224,0.000000,0.000001,96.156213,0.000000,31.369005
RAM,64/1b,c,1,5,std::chrono::system_clock::now(),0.000001,0.000004,16.634459,0.000004,106.585411,0.000001,0.000001,99.438182,0.000000,29.807131
RAM,64/1b,c,1,6,std::chrono::system_clock::now(),0.000001,0.000003,18.595995,0.000004,111.922508,0.000001,0.000001,101.923445,0.000000,28.444537
RAM,64/1b,c,1,7,std::chrono::system_clock::now(),0.000001,0.000003,20.311200,0.000003,115.410535,0.000000,0.000001,104.640238,0.000000,27.813688
RAM,64/1b,c,1,8,std::chrono::system_clock::now(),0.000001,0.000003,21.813851,0.000003,117.584067,0.000000,0.000001,107.979047,0.000000,28.143433
RAM,64/1b,c,1,9,std::chrono::system_clock::now(),0.000001,0.000003,23.110623,0.000003,118.647060,0.000001,0.000001,109.186326,0.000000,27.016274
RAM,64/1b,c,1,10,std::chrono::system_clock::now(),0.000001,0.000003,24.359497,0.000003,119.743526,0.000000,0.000001,110.771608,0.000000,26.364308
HDD,4/1Mb,c,1,1,std::chrono::system_clock::now(),0.478661,0.478661,8.356640,0.000000,0.000000,0.430609,0.430609,9.289166,0.000000,0.000000
HDD,4/1Mb,c,1,2,std::chrono::system_clock::now(),0.480807,0.479734,8.337951,0.001073,0.223645,0.430894,0.430751,9.286098,0.000142,0.033026
HDD,4/1Mb,c,1,3,std::chrono::system_clock::now(),0.486728,0.482066,8.297626,0.003411,0.707679,0.431967,0.431157,9.277369,0.000585,0.135643
HDD,4/1Mb,c,1,4,std::chrono::system_clock::now(),0.485701,0.482974,8.282011,0.003348,0.693135,0.434614,0.432021,9.258810,0.001580,0.365785
HDD,4/1Mb,c,1,5,std::chrono::system_clock::now(),0.472458,0.480871,8.318237,0.005163,1.073779,0.431558,0.431928,9.260795,0.001426,0.330035
HDD,4/1Mb,c,1,6,std::chrono::system_clock::now(),0.492618,0.482829,8.284507,0.006433,1.332354,0.432772,0.432069,9.257782,0.001339,0.309840
HDD,4/1Mb,c,1,7,std::chrono::system_clock::now(),0.476599,0.481939,8.299806,0.006342,1.315977,0.430941,0.431908,9.261237,0.001301,0.301168
HDD,4/1Mb,c,1,8,std::chrono::system_clock::now(),0.479390,0.481620,8.305296,0.005992,1.244167,0.435225,0.432322,9.252355,0.001638,0.378941
HDD,4/1Mb,c,1,9,std::chrono::system_clock::now(),0.610273,0.495915,8.065896,0.040824,8.232120,0.434368,0.432550,9.247494,0.001673,0.386764
HDD,4/1Mb,c,1,10,std::chrono::system_clock::now(),0.481679,0.494492,8.089117,0.038964,7.879633,0.430528,0.432347,9.251818,0.001699,0.392974
HDD,8/1Mb,c,1,1,std::chrono::system_clock::now(),0.934352,0.934352,8.562087,0.000000,0.000000,0.908177,0.908177,8.808856,0.000000,0.000000
HDD,8/1Mb,c,1,2,std::chrono::system_clock::now(),0.956975,0.945663,8.459670,0.011312,1.196169,0.927721,0.917949,8.715080,0.009772,1.064562
HDD,8/1Mb,c,1,3,std::chrono::system_clock::now(),0.966798,0.952708,8.397113,0.013586,1.425992,0.942359,0.926086,8.638509,0.014003,1.512019
HDD,8/1Mb,c,1,4,std::chrono::system_clock::now(),0.968453,0.956644,8.362564,0.013598,1.421421,0.886007,0.916066,8.732995,0.021172,2.311154
HDD,8/1Mb,c,1,5,std::chrono::system_clock::now(),0.937693,0.952854,8.395829,0.014331,1.504051,0.899664,0.912786,8.764380,0.020041,2.195570
HDD,8/1Mb,c,1,6,std::chrono::system_clock::now(),0.930065,0.949056,8.429430,0.015598,1.643504,0.910242,0.912362,8.768453,0.018319,2.007895
HDD,8/1Mb,c,1,7,std::chrono::system_clock::now(),0.930591,0.946418,8.452925,0.015820,1.671610,0.936790,0.915851,8.735042,0.018993,2.073774
HDD,8/1Mb,c,1,8,std::chrono::system_clock::now(),0.969736,0.949333,8.426971,0.016687,1.757808,0.886213,0.912147,8.770520,0.020291,2.224486
HDD,8/1Mb,c,1,9,std::chrono::system_clock::now(),0.945477,0.948904,8.430776,0.015780,1.662935,0.879053,0.908470,8.806019,0.021774,2.396829
HDD,8/1Mb,c,1,10,std::chrono::system_clock::now(),0.956207,0.949635,8.424293,0.015129,1.593176,0.929332,0.910556,8.785842,0.021584,2.370467
HDD,12/1Mb,c,1,1,std::chrono::system_clock::now(),1.382047,1.382047,8.682770,0.000000,0.000000,1.357430,1.357430,8.840237,0.000000,0.000000
HDD,12/1Mb,c,1,2,std::chrono::system_clock::now(),1.404794,1.393421,8.611900,0.011373,0.816213,1.458065,1.407748,8.524256,0.050318,3.574352
HDD,12/1Mb,c,1,3,std::chrono::system_clock::now(),1.426982,1.404608,8.543309,0.018345,1.306061,1.337490,1.384328,8.668464,0.052772,3.812075
HDD,12/1Mb,c,1,4,std::chrono::system_clock::now(),1.381124,1.398737,8.579168,0.018863,1.348566,1.312219,1.366301,8.782838,0.055350,4.051068
HDD,12/1Mb,c,1,5,std::chrono::system_clock::now(),1.388823,1.396754,8.591346,0.017331,1.240821,1.397497,1.372540,8.742914,0.051055,3.719730
HDD,12/1Mb,c,1,6,std::chrono::system_clock::now(),1.402066,1.397640,8.585905,0.015945,1.140818,1.329001,1.365284,8.789383,0.049350,3.614649
HDD,12/1Mb,c,1,7,std::chrono::system_clock::now(),1.382235,1.395439,8.599445,0.015715,1.126182,1.328295,1.360000,8.823532,0.047487,3.491719
HDD,12/1Mb,c,1,8,std::chrono::system_clock::now(),1.390416,1.394811,8.603316,0.014794,1.060628,1.338207,1.357275,8.841241,0.045001,3.315558
HDD,12/1Mb,c,1,9,std::chrono::system_clock::now(),1.374983,1.392608,8.616926,0.015276,1.096963,1.357221,1.357269,8.841280,0.042428,3.125952
HDD,12/1Mb,c,1,10,std::chrono::system_clock::now(),1.368121,1.390159,8.632104,0.016248,1.168784,1.363926,1.357935,8.836946,0.040300,2.967731
HDD,16/1Mb,c,1,1,std::chrono::system_clock::now(),1.919336,1.919336,8.336217,0.000000,0.000000,1.853820,1.853820,8.630829,0.000000,0.000000
HDD,16/1Mb,c,1,2,std::chrono::system_clock::now(),1.909935,1.914635,8.356682,0.004700,0.245499,1.893302,1.873561,8.539888,0.019741,1.053676
HDD,16/1Mb,c,1,3,std::chrono::system_clock::now(),1.890761,1.906677,8.391561,0.011891,0.623634,1.874967,1.874030,8.537752,0.016132,0.860835
HDD,16/1Mb,c,1,4,std::chrono::system_clock::now(),2.059121,1.944788,8.227116,0.066808,3.435258,1.942714,1.891201,8.460234,0.032859,1.737481
HDD,16/1Mb,c,1,5,std::chrono::system_clock::now(),1.900324,1.935896,8.264909,0.062346,3.220529,1.925644,1.898089,8.429529,0.032459,1.710100
HDD,16/1Mb,c,1,6,std::chrono::system_clock::now(),1.876539,1.926003,8.307361,0.061062,3.170382,1.888232,1.896446,8.436832,0.029858,1.574416
HDD,16/1Mb,c,1,7,std::chrono::system_clock::now(),1.927808,1.926261,8.306249,0.056536,2.934994,1.941367,1.902864,8.408379,0.031800,1.671155
HDD,16/1Mb,c,1,8,std::chrono::system_clock::now(),1.908681,1.924063,8.315735,0.053203,2.765130,1.903679,1.902966,8.407929,0.029747,1.563203
HDD,16/1Mb,c,1,9,std::chrono::system_clock::now(),1.892005,1.920501,8.331158,0.051162,2.663987,1.867934,1.899073,8.425163,0.030129,1.586535
HDD,16/1Mb,c,1,10,std::chrono::system_clock::now(),1.910266,1.919478,8.335600,0.048633,2.533682,1.921089,1.901275,8.415407,0.029336,1.542989
HDD,20/1Mb,c,1,1,std::chrono::system_clock::now(),2.340133,2.340133,8.546524,0.000000,0.000000,2.438305,2.438305,8.202418,0.000000,0.000000
HDD,20/1Mb,c,1,2,std::chrono::system_clock::now(),2.464342,2.402237,8.325572,0.062104,2.585277,2.422438,2.430372,8.229194,0.007934,0.326442
HDD,20/1Mb,c,1,3,std::chrono::system_clock::now(),2.395488,2.399988,8.333376,0.050808,2.117003,2.345926,2.402223,8.325622,0.040332,1.678930
HDD,20/1Mb,c,1,4,std::chrono::system_clock::now(),2.388640,2.397151,8.343239,0.044274,1.846958,2.432164,2.409708,8.299759,0.037257,1.546115
HDD,20/1Mb,c,1,5,std::chrono::system_clock::now(),2.619793,2.441679,8.191084,0.097465,3.991703,2.658268,2.459420,8.131998,0.104860,4.263592
HDD,20/1Mb,c,1,6,std::chrono::system_clock::now(),2.344198,2.425432,8.245953,0.096104,3.962336,2.431990,2.454849,8.147142,0.096268,3.921530
HDD,20/1Mb,c,1,7,std::chrono::system_clock::now(),2.826859,2.482779,8.055489,0.166278,6.697258,2.217052,2.420878,8.261467,0.121933,5.036728
HDD,20/1Mb,c,1,8,std::chrono::system_clock::now(),2.306174,2.460703,8.127757,0.166144,6.751872,2.136962,2.385388,8.384380,0.147735,6.193348
HDD,20/1Mb,c,1,9,std::chrono::system_clock::now(),2.225919,2.434616,8.214847,0.173150,7.112003,2.097738,2.353427,8.498245,0.166051,7.055690
HDD,20/1Mb,c,1,10,std::chrono::system_clock::now(),2.213426,2.412497,8.290165,0.177161,7.343477,2.078924,2.325977,8.598539,0.177756,7.642207
HDD,24/1Mb,c,1,1,std::chrono::system_clock::now(),2.633595,2.633595,9.113017,0.000000,0.000000,2.499944,2.499944,9.600215,0.000000,0.000000
HDD,24/1Mb,c,1,2,std::chrono::system_clock::now(),2.616182,2.624888,9.143246,0.008707,0.331708,2.489979,2.494962,9.619386,0.004982,0.199695
HDD,24/1Mb,c,1,3,std::chrono::system_clock::now(),2.617142,2.622306,9.152249,0.007992,0.304778,2.469406,2.486443,9.652342,0.012715,0.511383
HDD,24/1Mb,c,1,4,std::chrono::system_clock::now(),2.617928,2.621212,9.156071,0.007176,0.273784,2.477596,2.484231,9.660935,0.011659,0.469322
HDD,24/1Mb,c,1,5,std::chrono::system_clock::now(),2.625736,2.622117,9.152911,0.006669,0.254338,2.510796,2.489544,9.640318,0.014888,0.598025
HDD,24/1Mb,c,1,6,std::chrono::system_clock::now(),2.650844,2.626904,9.136229,0.012316,0.468841,2.586432,2.505692,9.578191,0.038581,1.539736
HDD,24/1Mb,c,1,7,std::chrono::system_clock::now(),2.644062,2.629356,9.127712,0.012887,0.490103,2.488339,2.503213,9.587677,0.036232,1.447404
HDD,24/1Mb,c,1,8,std::chrono::system_clock::now(),2.619193,2.628085,9.132124,0.012514,0.476165,2.508145,2.503830,9.585316,0.033931,1.355155
HDD,24/1Mb,c,1,9,std::chrono::system_clock::now(),2.618032,2.626968,9.136007,0.012214,0.464949,2.488925,2.502174,9.591660,0.032331,1.292131
HDD,24/1Mb,c,1,10,std::chrono::system_clock::now(),2.621462,2.626418,9.137922,0.011704,0.445643,2.477305,2.499687,9.601203,0.031567,1.262820
HDD,28/1Mb,c,1,1,std::chrono::system_clock::now(),3.303279,3.303279,8.476427,0.000000,0.000000,3.053945,3.053945,9.168470,0.000000,0.000000
HDD,28/1Mb,c,1,2,std::chrono::system_clock::now(),3.097784,3.200531,8.748547,0.102747,3.210320,2.935684,2.994814,9.349494,0.059130,1.974424
HDD,28/1Mb,c,1,3,std::chrono::system_clock::now(),3.108602,3.169888,8.833119,0.094425,2.978803,2.927746,2.972458,9.419813,0.057711,1.941516
HDD,28/1Mb,c,1,4,std::chrono::system_clock::now(),3.102414,3.153020,8.880376,0.086837,2.754089,2.928932,2.961577,9.454423,0.053415,1.803588
HDD,28/1Mb,c,1,5,std::chrono::system_clock::now(),3.109624,3.144340,8.904888,0.079585,2.531070,2.925824,2.954426,9.477306,0.049870,1.687979
HDD,28/1Mb,c,1,6,std::chrono::system_clock::now(),3.105584,3.137881,8.923219,0.074073,2.360609,2.927457,2.949931,9.491747,0.046621,1.580417
HDD,28/1Mb,c,1,7,std::chrono::system_clock::now(),3.111112,3.134057,8.934107,0.069215,2.208484,2.928569,2.946879,9.501576,0.043805,1.486501
HDD,28/1Mb,c,1,8,std::chrono::system_clock::now(),3.116912,3.131914,8.940221,0.064993,2.075174,2.926940,2.944387,9.509619,0.041503,1.409578
HDD,28/1Mb,c,1,9,std::chrono::system_clock::now(),3.117101,3.130268,8.944921,0.061452,1.963163,2.937174,2.943586,9.512209,0.039195,1.331553
HDD,28/1Mb,c,1,10,std::chrono::system_clock::now(),3.121988,3.129440,8.947288,0.058352,1.864603,2.934018,2.942629,9.515301,0.037295,1.267392
HDD,32/1Mb,c,1,1,std::chrono::system_clock::now(),3.480970,3.480970,9.192839,0.000000,0.000000,3.258955,3.258955,9.819098,0.000000,0.000000
HDD,32/1Mb,c,1,2,std::chrono::system_clock::now(),3.483342,3.482156,9.189708,0.001186,0.034052,3.247900,3.253428,9.835780,0.005527,0.169892
HDD,32/1Mb,c,1,3,std::chrono::system_clock::now(),3.475778,3.480030,9.195323,0.003159,0.090774,3.245475,3.250777,9.843801,0.005867,0.180485
HDD,32/1Mb,c,1,4,std::chrono::system_clock::now(),3.471071,3.477790,9.201245,0.004747,0.136494,3.246673,3.249751,9.846909,0.005383,0.165639
HDD,32/1Mb,c,1,5,std::chrono::system_clock::now(),3.472799,3.476792,9.203887,0.004692,0.134948,3.247569,3.249314,9.848231,0.004893,0.150586
HDD,32/1Mb,c,1,6,std::chrono::system_clock::now(),3.477265,3.476871,9.203678,0.004287,0.123291,3.254467,3.250173,9.845629,0.004862,0.149590
HDD,32/1Mb,c,1,7,std::chrono::system_clock::now(),3.472531,3.476251,9.205320,0.004249,0.122237,3.245531,3.249510,9.847639,0.004785,0.147266
HDD,32/1Mb,c,1,8,std::chrono::system_clock::now(),3.472970,3.475841,9.206406,0.004120,0.118541,3.245710,3.249035,9.849078,0.004649,0.143102
HDD,32/1Mb,c,1,9,std::chrono::system_clock::now(),3.471589,3.475368,9.207657,0.004108,0.118203,3.250779,3.249229,9.848491,0.004418,0.135961
HDD,32/1Mb,c,1,10,std::chrono::system_clock::now(),3.477024,3.475534,9.207219,0.003929,0.113039,3.245768,3.248883,9.849540,0.004318,0.132896
HDD,36/1Mb,c,1,1,std::chrono::system_clock::now(),3.897739,3.897739,9.236125,0.000000,0.000000,3.752163,3.752163,9.594467,0.000000,0.000000
HDD,36/1Mb,c,1,2,std::chrono::system_clock::now(),3.890251,3.893995,9.245004,0.003744,0.096141,3.762562,3.757363,9.581189,0.005200,0.138389
HDD,36/1Mb,c,1,3,std::chrono::system_clock::now(),3.878558,3.888849,9.257237,0.007893,0.202958,3.759886,3.758204,9.579044,0.004409,0.117319
HDD,36/1Mb,c,1,4,std::chrono::system_clock::now(),3.898514,3.891266,9.251489,0.008015,0.205966,3.787712,3.765581,9.560278,0.013336,0.354148
HDD,36/1Mb,c,1,5,std::chrono::system_clock::now(),3.884636,3.889940,9.254642,0.007643,0.196490,3.761201,3.764705,9.562503,0.012056,0.320233
HDD,36/1Mb,c,1,6,std::chrono::system_clock::now(),3.893028,3.890454,9.253418,0.007072,0.181770,3.767483,3.765168,9.561327,0.011054,0.293586
HDD,36/1Mb,c,1,7,std::chrono::system_clock::now(),3.895301,3.891147,9.251771,0.006763,0.173811,3.763438,3.764921,9.561955,0.010252,0.272301
HDD,36/1Mb,c,1,8,std::chrono::system_clock::now(),3.882648,3.890084,9.254298,0.006923,0.177956,3.762719,3.764645,9.562654,0.009617,0.255466
HDD,36/1Mb,c,1,9,std::chrono::system_clock::now(),3.891693,3.890263,9.253873,0.006546,0.168273,3.764074,3.764582,9.562815,0.009069,0.240907
HDD,36/1Mb,c,1,10,std::chrono::system_clock::now(),3.896627,3.890900,9.252359,0.006497,0.166983,3.764094,3.764533,9.562939,0.008605,0.228580
HDD,40/1Mb,c,1,1,std::chrono::system_clock::now(),4.327237,4.327237,9.243774,0.000000,0.000000,4.141466,4.141466,9.658415,0.000000,0.000000
HDD,40/1Mb,c,1,2,std::chrono::system_clock::now(),4.309086,4.318162,9.263201,0.009076,0.210171,4.142700,4.142083,9.656977,0.000617,0.014886
HDD,40/1Mb,c,1,3,std::chrono::system_clock::now(),4.313011,4.316445,9.266886,0.007798,0.180651,4.163188,4.149118,9.640603,0.009962,0.240089
HDD,40/1Mb,c,1,4,std::chrono::system_clock::now(),4.332217,4.320388,9.258428,0.009604,0.222303,4.142129,4.147371,9.644665,0.009142,0.220437
HDD,40/1Mb,c,1,5,std::chrono::system_clock::now(),4.313007,4.318912,9.261593,0.009084,0.210320,4.141683,4.146233,9.647311,0.008488,0.204709
HDD,40/1Mb,c,1,6,std::chrono::system_clock::now(),4.315682,4.318373,9.262747,0.008379,0.194031,4.140447,4.145269,9.649555,0.008043,0.194020
HDD,40/1Mb,c,1,7,std::chrono::system_clock::now(),4.316975,4.318174,9.263176,0.007773,0.180004,4.139316,4.144418,9.651535,0.007732,0.186563
HDD,40/1Mb,c,1,8,std::chrono::system_clock::now(),4.317475,4.318086,9.263363,0.007275,0.168466,4.142546,4.144184,9.652080,0.007259,0.175163
HDD,40/1Mb,c,1,9,std::chrono::system_clock::now(),4.314470,4.317684,9.264225,0.006952,0.161013,4.140460,4.143770,9.653044,0.006943,0.167560
HDD,40/1Mb,c,1,10,std::chrono::system_clock::now(),4.310656,4.316982,9.265733,0.006924,0.160391,4.141874,4.143581,9.653486,0.006612,0.159561
HDD,44/1Mb,c,1,1,std::chrono::system_clock::now(),4.888747,4.888747,9.000261,0.000000,0.000000,4.589966,4.589966,9.586128,0.000000,0.000000
HDD,44/1Mb,c,1,2,std::chrono::system_clock::now(),4.879709,4.884228,9.008589,0.004519,0.092526,4.573693,4.581829,9.603151,0.008136,0.177577
HDD,44/1Mb,c,1,3,std::chrono::system_clock::now(),4.951755,4.906737,8.967263,0.032046,0.653095,5.467651,4.877103,9.021749,0.417633,8.563140
HDD,44/1Mb,c,1,4,std::chrono::system_clock::now(),4.884393,4.901151,8.977483,0.029390,0.599665,4.587063,4.804593,9.157903,0.382866,7.968747
HDD,44/1Mb,c,1,5,std::chrono::system_clock::now(),4.890901,4.899101,8.981240,0.026605,0.543068,4.576661,4.759007,9.245627,0.354375,7.446403
HDD,44/1Mb,c,1,6,std::chrono::system_clock::now(),4.866471,4.893663,8.991221,0.027162,0.555038,4.594423,4.731576,9.299227,0.329262,6.958824
HDD,44/1Mb,c,1,7,std::chrono::system_clock::now(),4.866153,4.889733,8.998447,0.026926,0.550672,4.589664,4.711303,9.339243,0.308856,6.555633
HDD,44/1Mb,c,1,8,std::chrono::system_clock::now(),4.872169,4.887537,9.002489,0.025848,0.528865,4.594323,4.696680,9.368319,0.291487,6.206231
HDD,44/1Mb,c,1,9,std::chrono::system_clock::now(),4.871288,4.885732,9.005816,0.024899,0.509636,4.572153,4.682844,9.395999,0.277589,5.927786
HDD,44/1Mb,c,1,10,std::chrono::system_clock::now(),5.405164,4.937675,8.911077,0.157610,3.191983,4.618301,4.676390,9.408968,0.264055,5.646555
HDD,48/1Mb,c,1,1,std::chrono::system_clock::now(),5.475038,5.475038,8.767062,0.000000,0.000000,5.000843,5.000843,9.598381,0.000000,0.000000
HDD,48/1Mb,c,1,2,std::chrono::system_clock::now(),5.530525,5.502782,8.722861,0.027743,0.504167,4.992428,4.996636,9.606464,0.004208,0.084209
HDD,48/1Mb,c,1,3,std::chrono::system_clock::now(),5.424860,5.476808,8.764230,0.043156,0.787970,5.006780,5.000017,9.599967,0.005888,0.117761
HDD,48/1Mb,c,1,4,std::chrono::system_clock::now(),5.354736,5.446290,8.813339,0.064737,1.188636,5.007337,5.001847,9.596455,0.006004,0.120037
HDD,48/1Mb,c,1,5,std::chrono::system_clock::now(),5.531684,5.463369,8.785788,0.067226,1.230495,5.014536,5.004385,9.591588,0.007389,0.147655
HDD,48/1Mb,c,1,6,std::chrono::system_clock::now(),5.970300,5.547857,8.651989,0.198640,3.580479,5.016766,5.006448,9.587635,0.008173,0.163241
HDD,48/1Mb,c,1,7,std::chrono::system_clock::now(),5.420826,5.529710,8.680383,0.189201,3.421532,5.009314,5.006858,9.586851,0.007633,0.152441
HDD,48/1Mb,c,1,8,std::chrono::system_clock::now(),5.452551,5.520065,8.695550,0.178811,3.239297,5.005624,5.006704,9.587146,0.007151,0.142833
HDD,48/1Mb,c,1,9,std::chrono::system_clock::now(),5.421926,5.509161,8.712761,0.171383,3.110873,5.000956,5.006065,9.588369,0.006980,0.139430
HDD,48/1Mb,c,1,10,std::chrono::system_clock::now(),5.428342,5.501079,8.725561,0.164386,2.988250,4.996479,5.005106,9.590206,0.007219,0.144240
HDD,52/1Mb,c,1,1,std::chrono::system_clock::now(),5.751807,5.751807,9.040637,0.000000,0.000000,5.350062,5.350062,9.719513,0.000000,0.000000
HDD,52/1Mb,c,1,2,std::chrono::system_clock::now(),6.257961,6.004884,8.659617,0.253077,4.214519,5.370869,5.360466,9.700650,0.010403,0.194074
HDD,52/1Mb,c,1,3,std::chrono::system_clock::now(),5.756072,5.921947,8.780896,0.237604,4.012269,5.360968,5.360633,9.700347,0.008498,0.158517
HDD,52/1Mb,c,1,4,std::chrono::system_clock::now(),5.755705,5.880386,8.842956,0.217999,3.707229,5.362780,5.361170,9.699376,0.007418,0.138357
HDD,52/1Mb,c,1,5,std::chrono::system_clock::now(),5.745925,5.853494,8.883583,0.202267,3.455484,5.355736,5.360083,9.701342,0.006981,0.130248
HDD,52/1Mb,c,1,6,std::chrono::system_clock::now(),5.740702,5.834696,8.912204,0.189368,3.245543,5.348521,5.358156,9.704831,0.007693,0.143579
HDD,52/1Mb,c,1,7,std::chrono::system_clock::now(),5.727461,5.819376,8.935665,0.179291,3.080932,5.348261,5.356742,9.707392,0.007920,0.147842
HDD,52/1Mb,c,1,8,std::chrono::system_clock::now(),6.086381,5.852752,8.884709,0.189538,3.238440,5.915970,5.426646,9.582346,0.185095,3.410862
HDD,52/1Mb,c,1,9,std::chrono::system_clock::now(),5.744726,5.840749,8.902968,0.181894,3.114228,5.355746,5.418768,9.596277,0.175926,3.246612
HDD,52/1Mb,c,1,10,std::chrono::system_clock::now(),5.740704,5.830745,8.918244,0.175151,3.003917,5.350588,5.411950,9.608367,0.168147,3.106960
HDD,56/1Mb,c,1,1,std::chrono::system_clock::now(),6.070830,6.070830,9.224439,0.000000,0.000000,5.853872,5.853872,9.566317,0.000000,0.000000
HDD,56/1Mb,c,1,2,std::chrono::system_clock::now(),6.055929,6.063379,9.235774,0.007450,0.122875,5.839550,5.846711,9.578034,0.007161,0.122479
HDD,56/1Mb,c,1,3,std::chrono::system_clock::now(),6.042618,6.056459,9.246327,0.011524,0.190269,5.839896,5.844440,9.581757,0.006671,0.114149
HDD,56/1Mb,c,1,4,std::chrono::system_clock::now(),6.045197,6.053644,9.250627,0.011107,0.183482,6.421753,5.988768,9.350838,0.250051,4.175326
HDD,56/1Mb,c,1,5,std::chrono::system_clock::now(),6.033873,6.049689,9.256674,0.012698,0.209897,5.861201,5.963255,9.390845,0.229399,3.846878
HDD,56/1Mb,c,1,6,std::chrono::system_clock::now(),6.045104,6.048925,9.257843,0.011717,0.193703,5.861802,5.946346,9.417549,0.212798,3.578629
HDD,56/1Mb,c,1,7,std::chrono::system_clock::now(),6.049208,6.048966,9.257781,0.010848,0.179341,5.840384,5.931208,9.441584,0.200471,3.379939
HDD,56/1Mb,c,1,8,std::chrono::system_clock::now(),6.032903,6.046958,9.260855,0.011454,0.189416,5.859463,5.922240,9.455881,0.189019,3.191678
HDD,56/1Mb,c,1,9,std::chrono::system_clock::now(),6.046513,6.046908,9.260931,0.010800,0.178600,5.826323,5.911583,9.472928,0.180740,3.057390
HDD,56/1Mb,c,1,10,std::chrono::system_clock::now(),6.040351,6.046253,9.261935,0.010433,0.172548,6.042027,5.924627,9.452072,0.175874,2.968526
HDD,60/1Mb,c,1,1,std::chrono::system_clock::now(),6.942902,6.942902,8.641919,0.000000,0.000000,6.253641,6.253641,9.594411,0.000000,0.000000
HDD,60/1Mb,c,1,2,std::chrono::system_clock::now(),6.720397,6.831649,8.782652,0.111253,1.628489,6.311756,6.282699,9.550036,0.029058,0.462505
HDD,60/1Mb,c,1,3,std::chrono::system_clock::now(),6.667902,6.777067,8.853387,0.119205,1.758951,6.271584,6.278994,9.555671,0.024297,0.386960
HDD,60/1Mb,c,1,4,std::chrono::system_clock::now(),6.671643,6.750711,8.887953,0.112877,1.672083,6.304637,6.285405,9.545925,0.023792,0.378527
HDD,60/1Mb,c,1,5,std::chrono::system_clock::now(),6.856890,6.771947,8.860081,0.109530,1.617413,7.172546,6.462833,9.283855,0.355494,5.500589
HDD,60/1Mb,c,1,6,std::chrono::system_clock::now(),6.673005,6.755457,8.881709,0.106570,1.577533,6.277688,6.431975,9.328394,0.331774,5.158201
HDD,60/1Mb,c,1,7,std::chrono::system_clock::now(),6.664061,6.742400,8.898908,0.103718,1.538298,6.296710,6.412652,9.356504,0.310789,4.846494
HDD,60/1Mb,c,1,8,std::chrono::system_clock::now(),6.665503,6.732788,8.911613,0.100297,1.489683,6.292793,6.397669,9.378415,0.293406,4.586144
HDD,60/1Mb,c,1,9,std::chrono::system_clock::now(),6.659295,6.724622,8.922434,0.097341,1.447530,6.281883,6.384804,9.397312,0.279009,4.369894
HDD,60/1Mb,c,1,10,std::chrono::system_clock::now(),6.645560,6.716716,8.932937,0.095343,1.419489,6.282491,6.374573,9.412395,0.266465,4.180124
HDD,64/1Mb,c,1,1,std::chrono::system_clock::now(),6.952827,6.952827,9.204889,0.000000,0.000000,6.509160,6.509160,9.832298,0.000000,0.000000
HDD,64/1Mb,c,1,2,std::chrono::system_clock::now(),6.949263,6.951045,9.207249,0.001782,0.025636,6.606051,6.557605,9.759660,0.048445,0.738764
HDD,64/1Mb,c,1,3,std::chrono::system_clock::now(),8.134440,7.345510,8.712806,0.557860,7.594566,6.779206,6.631472,9.650949,0.111702,1.684416
HDD,64/1Mb,c,1,4,std::chrono::system_clock::now(),7.319590,7.339030,8.720499,0.483251,6.584671,6.513084,6.601875,9.694216,0.109480,1.658318
HDD,64/1Mb,c,1,5,std::chrono::system_clock::now(),6.951561,7.261536,8.813562,0.459180,6.323456,6.510847,6.583669,9.721023,0.104472,1.586842
HDD,64/1Mb,c,1,6,std::chrono::system_clock::now(),6.952661,7.210057,8.876490,0.434690,6.028946,6.626268,6.590769,9.710551,0.096682,1.466933
HDD,64/1Mb,c,1,7,std::chrono::system_clock::now(),6.945646,7.172284,8.923239,0.412944,5.757499,6.510882,6.579357,9.727395,0.093774,1.425276
HDD,64/1Mb,c,1,8,std::chrono::system_clock::now(),6.950765,7.144594,8.957822,0.393160,5.502899,6.510945,6.570805,9.740054,0.090588,1.378651
HDD,64/1Mb,c,1,9,std::chrono::system_clock::now(),6.937362,7.121568,8.986785,0.376352,5.284685,6.520186,6.565181,9.748399,0.086876,1.323292
HDD,64/1Mb,c,1,10,std::chrono::system_clock::now(),6.944720,7.103883,9.009157,0.360960,5.081159,6.511474,6.559810,9.756380,0.083978,1.280196
HDD,68/1Mb,c,1,1,std::chrono::system_clock::now(),7.529728,7.529728,9.030870,0.000000,0.000000,7.104341,7.104341,9.571613,0.000000,0.000000
HDD,68/1Mb,c,1,2,std::chrono::system_clock::now(),7.504247,7.516988,9.046177,0.012741,0.169495,7.109739,7.107040,9.567978,0.002699,0.037981
HDD,68/1Mb,c,1,3,std::chrono::system_clock::now(),7.493968,7.509314,9.055420,0.015032,0.200184,7.098331,7.104137,9.571887,0.004660,0.065592
HDD,68/1Mb,c,1,4,std::chrono::system_clock::now(),7.495010,7.505738,9.059735,0.014417,0.192077,7.107835,7.105061,9.570642,0.004342,0.061105
HDD,68/1Mb,c,1,5,std::chrono::system_clock::now(),7.493122,7.503215,9.062782,0.013847,0.184550,7.120954,7.108240,9.566362,0.007449,0.104799
HDD,68/1Mb,c,1,6,std::chrono::system_clock::now(),7.520670,7.506124,9.059269,0.014216,0.189394,7.091695,7.105483,9.570075,0.009179,0.129188
HDD,68/1Mb,c,1,7,std::chrono::system_clock::now(),7.498284,7.505004,9.060621,0.013445,0.179141,7.098219,7.104445,9.571473,0.008870,0.124858
HDD,68/1Mb,c,1,8,std::chrono::system_clock::now(),7.519691,7.506840,9.058405,0.013482,0.179591,7.186106,7.114653,9.557740,0.028253,0.397106
HDD,68/1Mb,c,1,9,std::chrono::system_clock::now(),7.562031,7.512972,9.051012,0.021503,0.286218,7.109306,7.114058,9.558538,0.026690,0.375171
HDD,68/1Mb,c,1,10,std::chrono::system_clock::now(),7.504029,7.512078,9.052089,0.020576,0.273901,7.108286,7.113481,9.559314,0.025379,0.356779
HDD,72/1Mb,c,1,1,std::chrono::system_clock::now(),7.881382,7.881382,9.135454,0.000000,0.000000,7.444984,7.444984,9.670941,0.000000,0.000000
HDD,72/1Mb,c,1,2,std::chrono::system_clock::now(),7.861214,7.871298,9.147157,0.010084,0.128109,7.458296,7.451640,9.662303,0.006656,0.089320
HDD,72/1Mb,c,1,3,std::chrono::system_clock::now(),7.873944,7.872180,9.146132,0.008327,0.105782,7.483325,7.462201,9.648627,0.015894,0.212998
HDD,72/1Mb,c,1,4,std::chrono::system_clock::now(),7.883358,7.874974,9.142887,0.008685,0.110291,7.439217,7.456455,9.656063,0.016986,0.227803
HDD,72/1Mb,c,1,5,std::chrono::system_clock::now(),7.997337,7.899447,9.114562,0.049558,0.627355,7.437710,7.452706,9.660920,0.016942,0.227331
HDD,72/1Mb,c,1,6,std::chrono::system_clock::now(),7.864249,7.893581,9.121336,0.047103,0.596726,7.457625,7.453526,9.659858,0.015574,0.208953
HDD,72/1Mb,c,1,7,std::chrono::system_clock::now(),7.866516,7.889714,9.125806,0.044625,0.565616,7.457250,7.454058,9.659168,0.014478,0.194227
HDD,72/1Mb,c,1,8,std::chrono::system_clock::now(),7.868373,7.887047,9.128892,0.042336,0.536776,7.459358,7.454721,9.658310,0.013656,0.183182
HDD,72/1Mb,c,1,9,std::chrono::system_clock::now(),7.876255,7.885848,9.130280,0.040058,0.507978,7.443275,7.453449,9.659958,0.013368,0.179351
HDD,72/1Mb,c,1,10,std::chrono::system_clock::now(),7.868137,7.884077,9.132331,0.038372,0.486706,7.456702,7.453774,9.659536,0.012719,0.170642
HDD,76/1Mb,c,1,1,std::chrono::system_clock::now(),8.263615,8.263615,9.196943,0.000000,0.000000,7.715721,7.715721,9.850019,0.000000,0.000000
HDD,76/1Mb,c,1,2,std::chrono::system_clock::now(),8.264496,8.264056,9.196453,0.000440,0.005330,7.716012,7.715866,9.849833,0.000145,0.001884
HDD,76/1Mb,c,1,3,std::chrono::system_clock::now(),8.237561,8.255224,9.206292,0.012495,0.151359,7.718363,7.716699,9.848771,0.001183,0.015326
HDD,76/1Mb,c,1,4,std::chrono::system_clock::now(),8.281018,8.261672,9.199106,0.015551,0.188234,7.722271,7.718092,9.846994,0.002621,0.033961
HDD,76/1Mb,c,1,5,std::chrono::system_clock::now(),8.265759,8.262490,9.198196,0.014005,0.169503,7.716563,7.717786,9.847384,0.002423,0.031392
HDD,76/1Mb,c,1,6,std::chrono::system_clock::now(),8.257340,8.261631,9.199152,0.012928,0.156484,7.721848,7.718463,9.846520,0.002680,0.034725
HDD,76/1Mb,c,1,7,std::chrono::system_clock::now(),8.250985,8.260111,9.200845,0.012536,0.151760,7.715407,7.718026,9.847077,0.002702,0.035010
HDD,76/1Mb,c,1,8,std::chrono::system_clock::now(),8.276382,8.262144,9.198580,0.012902,0.156154,7.713630,7.717477,9.847778,0.002916,0.037783
HDD,76/1Mb,c,1,9,std::chrono::system_clock::now(),8.246999,8.260462,9.200454,0.013062,0.158125,7.725528,7.718371,9.846637,0.003736,0.048407
HDD,76/1Mb,c,1,10,std::chrono::system_clock::now(),8.270550,8.261471,9.199331,0.012756,0.154402,7.718773,7.718412,9.846586,0.003547,0.045949
HDD,80/1Mb,c,1,1,std::chrono::system_clock::now(),8.696634,8.696634,9.198961,0.000000,0.000000,8.319380,8.319380,9.616101,0.000000,0.000000
HDD,80/1Mb,c,1,2,std::chrono::system_clock::now(),8.686883,8.691759,9.204121,0.004876,0.056093,8.294532,8.306956,9.630483,0.012424,0.149565
HDD,80/1Mb,c,1,3,std::chrono::system_clock::now(),8.695805,8.693107,9.202693,0.004414,0.050778,8.296216,8.303376,9.634635,0.011338,0.136544
HDD,80/1Mb,c,1,4,std::chrono::system_clock::now(),8.696228,8.693888,9.201867,0.004055,0.046637,8.300583,8.302678,9.635446,0.009893,0.119154
HDD,80/1Mb,c,1,5,std::chrono::system_clock::now(),8.694333,8.693977,9.201773,0.003631,0.041763,8.296609,8.301464,9.636854,0.009175,0.110528
HDD,80/1Mb,c,1,6,std::chrono::system_clock::now(),8.693352,8.693873,9.201883,0.003323,0.038219,8.313225,8.303424,9.634579,0.009454,0.113851
HDD,80/1Mb,c,1,7,std::chrono::system_clock::now(),8.691352,8.693513,9.202264,0.003200,0.036811,8.303245,8.303399,9.634609,0.008753,0.105409
HDD,80/1Mb,c,1,8,std::chrono::system_clock::now(),8.737527,8.699014,9.196444,0.014861,0.170834,8.322227,8.305752,9.631879,0.010286,0.123843
HDD,80/1Mb,c,1,9,std::chrono::system_clock::now(),8.740094,8.703579,9.191621,0.019052,0.218899,8.300301,8.305146,9.632581,0.009848,0.118577
HDD,80/1Mb,c,1,10,std::chrono::system_clock::now(),8.731028,8.706324,9.188723,0.019862,0.228132,8.366098,8.311242,9.625517,0.020534,0.247061
HDD,4/1Mb,i,4,1,std::chrono::system_clock::now(),0.131015,0.131015,30.530761,0.000000,0.000000,0.121047,0.121047,33.045076,0.000000,0.000000
HDD,4/1Mb,i,4,2,std::chrono::system_clock::now(),0.140234,0.135625,29.493186,0.004609,3.398459,0.120543,0.120795,33.114029,0.000252,0.208663
HDD,4/1Mb,i,4,3,std::chrono::system_clock::now(),0.129052,0.133434,29.977451,0.004875,3.653305,0.126493,0.122694,32.601425,0.002694,2.195614
HDD,4/1Mb,i,4,4,std::chrono::system_clock::now(),0.131869,0.133042,30.065610,0.004276,3.213783,0.120189,0.122068,32.768682,0.002573,2.107689
HDD,4/1Mb,i,4,5,std::chrono::system_clock::now(),0.148227,0.136079,29.394611,0.007178,5.274603,0.120595,0.121773,32.847934,0.002375,1.950657
HDD,4/1Mb,i,4,6,std::chrono::system_clock::now(),0.133691,0.135681,29.480866,0.006612,4.873533,0.136670,0.124256,32.191573,0.005960,4.796775
HDD,4/1Mb,i,4,7,std::chrono::system_clock::now(),0.130106,0.134885,29.654947,0.006425,4.763558,0.123595,0.124162,32.216053,0.005523,4.448230
HDD,4/1Mb,i,4,8,std::chrono::system_clock::now(),0.166321,0.138814,28.815476,0.012009,8.651054,0.120222,0.123669,32.344336,0.005328,4.308304
HDD,4/1Mb,i,4,9,std::chrono::system_clock::now(),0.130797,0.137924,29.001583,0.011599,8.409770,0.136597,0.125106,31.972960,0.006461,5.164222
HDD,4/1Mb,i,4,10,std::chrono::system_clock::now(),0.138582,0.137989,28.987738,0.011006,7.975686,0.117207,0.124316,32.176097,0.006571,5.285937
flash,4/1Mb,i,4,1,std::chrono::system_clock::now(),0.140334,0.140334,28.503502,0.000000,0.000000,0.118464,0.118464,33.765576,0.000000,0.000000
flash,4/1Mb,i,4,2,std::chrono::system_clock::now(),0.148043,0.144188,27.741491,0.003855,2.673394,0.112107,0.115285,34.696532,0.003179,2.757118
flash,4/1Mb,i,4,3,std::chrono::system_clock::now(),0.139903,0.142760,28.019045,0.003740,2.619640,0.108079,0.112883,35.434862,0.004275,3.787113
flash,4/1Mb,i,4,4,std::chrono::system_clock::now(),0.139880,0.142040,28.161054,0.003470,2.443321,0.113295,0.112986,35.402567,0.003707,3.280547
flash,4/1Mb,i,4,5,std::chrono::system_clock::now(),0.147514,0.143135,27.945658,0.003799,2.653899,0.111170,0.112623,35.516721,0.003394,3.013485
flash,4/1Mb,i,4,6,std::chrono::system_clock::now(),0.139886,0.142593,28.051785,0.003673,2.575864,0.113506,0.112770,35.470386,0.003116,2.762778
flash,4/1Mb,i,4,7,std::chrono::system_clock::now(),0.139356,0.142131,28.143058,0.003584,2.521802,0.117119,0.113391,35.276054,0.003261,2.876107
flash,4/1Mb,i,4,8,std::chrono::system_clock::now(),0.146269,0.142648,28.040997,0.003621,2.538675,0.109477,0.112902,35.428953,0.003314,2.935291
flash,4/1Mb,i,4,9,std::chrono::system_clock::now(),0.140252,0.142382,28.093439,0.003496,2.455612,0.118833,0.113561,35.223362,0.003638,3.203731
flash,4/1Mb,i,4,10,std::chrono::system_clock::now(),0.153505,0.143494,27.875672,0.004705,3.278866,0.108461,0.113051,35.382275,0.003775,3.339602
HDD,4/1Mb,i,4,1,std::chrono::system_clock::now(),0.124427,0.124427,32.147243,0.000000,0.000000,0.107059,0.107059,37.362671,0.000000,0.000000
HDD,4/1Mb,i,4,2,std::chrono::system_clock::now(),0.119799,0.122113,32.756417,0.002314,1.894950,0.109208,0.108133,36.991394,0.001075,0.993710
HDD,4/1Mb,i,4,3,std::chrono::system_clock::now(),0.119288,0.121172,33.010986,0.002312,1.907668,0.107643,0.107970,37.047340,0.000907,0.840265
HDD,4/1Mb,i,4,4,std::chrono::system_clock::now(),0.120302,0.120954,33.070334,0.002037,1.684097,0.107011,0.107730,37.129802,0.000889,0.824942
HDD,4/1Mb,i,4,5,std::chrono::system_clock::now(),0.119061,0.120576,33.174164,0.001973,1.636313,0.110239,0.108232,36.957640,0.001280,1.182950
HDD,4/1Mb,l,8,1,std::chrono::system_clock::now(),0.059622,0.059622,67.089560,0.000000,0.000000,0.049093,0.049093,81.477961,0.000000,0.000000
HDD,4/1Mb,l,8,2,std::chrono::system_clock::now(),0.059457,0.059539,67.182554,0.000083,0.138612,0.048554,0.048824,81.927729,0.000270,0.552012
HDD,4/1Mb,l,8,3,std::chrono::system_clock::now(),0.059184,0.059421,67.316299,0.000180,0.303518,0.049759,0.049135,81.407674,0.000493,1.003218
HDD,4/1Mb,l,8,4,std::chrono::system_clock::now(),0.058160,0.059106,67.675235,0.000568,0.960606,0.048362,0.048942,81.729219,0.000543,1.108531
HDD,4/1Mb,l,8,5,std::chrono::system_clock::now(),0.057684,0.058821,68.002492,0.000763,1.296427,0.048452,0.048844,81.893317,0.000523,1.071577
HDD,4/1Mb,l,8,6,std::chrono::system_clock::now(),0.057830,0.058656,68.194130,0.000788,1.343724,0.048425,0.048774,82.010517,0.000503,1.030555
HDD,4/1Mb,l,8,7,std::chrono::system_clock::now(),0.058867,0.058686,68.159185,0.000733,1.249729,0.049101,0.048821,81.932148,0.000479,0.981516
HDD,4/1Mb,l,8,8,std::chrono::system_clock::now(),0.058483,0.058661,68.188633,0.000689,1.175092,0.048750,0.048812,81.946983,0.000449,0.919540
HDD,4/1Mb,l,8,9,std::chrono::system_clock::now(),0.057604,0.058543,68.325373,0.000730,1.246614,0.048644,0.048793,81.978395,0.000426,0.874033
HDD,4/1Mb,l,8,10,std::chrono::system_clock::now(),0.058394,0.058528,68.342780,0.000694,1.185409,0.049292,0.048843,81.894720,0.000431,0.883120
flash,4/1Mb,l,8,1,std::chrono::system_clock::now(),0.059308,0.059308,67.444443,0.000000,0.000000,0.049581,0.049581,80.676480,0.000000,0.000000
flash,4/1Mb,l,8,2,std::chrono::system_clock::now(),0.060611,0.059959,66.711745,0.000651,1.086372,0.049443,0.049512,80.788779,0.000069,0.139196
flash,4/1Mb,l,8,3,std::chrono::system_clock::now(),0.059464,0.059794,66.895879,0.000581,0.971350,0.049165,0.049396,80.977704,0.000173,0.349785
flash,4/1Mb,l,8,4,std::chrono::system_clock::now(),0.060523,0.059977,66.692678,0.000594,0.990026,0.049316,0.049376,81.010575,0.000154,0.311095
flash,4/1Mb,l,8,5,std::chrono::system_clock::now(),0.060522,0.060086,66.571642,0.000574,0.955523,0.049367,0.049374,81.013581,0.000137,0.278361
flash,4/1Mb,l,8,6,std::chrono::system_clock::now(),0.059579,0.060001,66.665388,0.000557,0.928520,0.049560,0.049405,80.962921,0.000143,0.289899
flash,4/1Mb,l,8,7,std::chrono::system_clock::now(),0.059894,0.059986,66.682475,0.000517,0.862152,0.049682,0.049445,80.898264,0.000164,0.331944
flash,4/1Mb,l,8,8,std::chrono::system_clock::now(),0.060774,0.060084,66.573178,0.000549,0.914506,0.049322,0.049430,80.923330,0.000159,0.321238
flash,4/1Mb,l,8,9,std::chrono::system_clock::now(),0.061479,0.060239,66.401896,0.000679,1.126558,0.049782,0.049469,80.859172,0.000186,0.376654
flash,4/1Mb,l,8,10,std::chrono::system_clock::now(),0.060135,0.060229,66.413411,0.000645,1.070197,0.049437,0.049466,80.864363,0.000177,0.357867
HDD,4/1Mb,x,8,1,std::chrono::system_clock::now(),0.059511,0.059511,67.214060,0.000000,0.000000,0.049474,0.049474,80.850121,0.000000,0.000000
HDD,4/1Mb,x,8,2,std::chrono::system_clock::now(),0.060642,0.060077,66.581619,0.000565,0.940936,0.049452,0.049463,80.868275,0.000011,0.022453
HDD,4/1Mb,x,8,3,std::chrono::system_clock::now(),0.060490,0.060214,66.429436,0.000501,0.831883,0.052539,0.050488,79.226300,0.001450,2.871520
HDD,4/1Mb,x,8,4,std::chrono::system_clock::now(),0.083296,0.065985,60.620076,0.010004,15.161321,0.050365,0.050458,79.274531,0.001257,2.490556
HDD,4/1Mb,x,8,5,std::chrono::system_clock::now(),0.061840,0.065156,61.391406,0.009100,13.967033,0.051509,0.050668,78.945641,0.001200,2.368479
HDD,4/1Mb,x,8,6,std::chrono::system_clock::now(),0.066119,0.065316,61.240454,0.008315,12.730626,0.050805,0.050691,78.910119,0.001097,2.163483
HDD,4/1Mb,x,8,7,std::chrono::system_clock::now(),0.063848,0.065107,61.437716,0.007715,11.850530,0.053605,0.051107,78.267364,0.001439,2.815626
HDD,4/1Mb,x,8,8,std::chrono::system_clock::now(),0.067991,0.065467,61.099332,0.007280,11.119995,0.051363,0.051139,78.218400,0.001349,2.637329
HDD,4/1Mb,x,8,9,std::chrono::system_clock::now(),0.060308,0.064894,61.639006,0.007052,10.867684,0.050665,0.051086,78.298931,0.001280,2.506034
HDD,4/1Mb,x,8,10,std::chrono::system_clock::now(),0.065724,0.064977,61.560227,0.006695,10.303950,0.051393,0.051117,78.251885,0.001218,2.382832
flash,4/1Mb,x,8,1,std::chrono::system_clock::now(),0.077560,0.077560,51.573182,0.000000,0.000000,0.064087,0.064087,62.414829,0.000000,0.000000
flash,4/1Mb,x,8,2,std::chrono::system_clock::now(),0.071566,0.074563,53.645853,0.002997,4.018893,0.061034,0.062561,63.937957,0.001527,2.440330
flash,4/1Mb,x,8,3,std::chrono::system_clock::now(),0.060134,0.069753,57.344945,0.007229,10.363236,0.051455,0.058859,67.959420,0.005382,9.143534
flash,4/1Mb,x,8,4,std::chrono::system_clock::now(),0.063623,0.068221,58.633192,0.006800,9.967309,0.049368,0.056486,70.814004,0.006214,11.000550
flash,4/1Mb,x,8,5,std::chrono::system_clock::now(),0.070103,0.068597,58.311364,0.006128,8.933801,0.063040,0.057797,69.207946,0.006145,10.632187
flash,4/1Mb,x,8,6,std::chrono::system_clock::now(),0.075209,0.069699,57.389401,0.006113,8.770606,0.060508,0.058249,68.671136,0.005700,9.785463
flash,4/1Mb,x,8,7,std::chrono::system_clock::now(),0.067202,0.069343,57.684637,0.005727,8.258482,0.053680,0.057596,69.449377,0.005514,9.573550
flash,4/1Mb,x,8,8,std::chrono::system_clock::now(),0.062951,0.068544,58.356986,0.005759,8.401557,0.051272,0.056805,70.415852,0.005566,9.797968
flash,4/1Mb,x,8,9,std::chrono::system_clock::now(),0.070679,0.068781,58.155710,0.005471,7.953795,0.061988,0.057381,69.709153,0.005494,9.575337
flash,4/1Mb,x,8,10,std::chrono::system_clock::now(),0.070005,0.068903,58.052362,0.005203,7.551067,0.054682,0.057111,70.038578,0.005275,9.236344
HDD,4/1Mb,c,1,1,std::chrono::system_clock::now(),0.491566,0.491566,8.137261,0.000000,0.000000,0.442437,0.442437,9.040830,0.000000,0.000000
HDD,4/1Mb,c,1,2,std::chrono::system_clock::now(),0.630786,0.561176,7.127886,0.069610,12.404350,0.444357,0.443397,9.021263,0.000960,0.216437
HDD,4/1Mb,c,1,3,std::chrono::system_clock::now(),0.573170,0.565174,7.077464,0.057117,10.106101,0.430840,0.439211,9.107234,0.005971,1.359472
HDD,4/1Mb,c,1,4,std::chrono::system_clock::now(),0.504598,0.550030,7.272330,0.055989,10.179324,0.466607,0.446060,8.967398,0.012941,2.901124
HDD,4/1Mb,c,1,5,std::chrono::system_clock::now(),0.740831,0.588190,6.800521,0.091283,15.519347,0.471844,0.451217,8.864914,0.015503,3.435798
HDD,4/1Mb,c,1,6,std::chrono::system_clock::now(),0.492577,0.572255,6.989896,0.090629,15.837148,0.428102,0.447364,8.941255,0.016568,3.703436
HDD,4/1Mb,c,1,7,std::chrono::system_clock::now(),0.488418,0.560278,7.139313,0.088887,15.864758,0.431615,0.445115,8.986451,0.016299,3.661728
HDD,4/1Mb,c,1,8,std::chrono::system_clock::now(),0.522764,0.555589,7.199569,0.084066,15.131053,0.426855,0.442832,9.032769,0.016399,3.703127
HDD,4/1Mb,c,1,9,std::chrono::system_clock::now(),0.491298,0.548445,7.293344,0.081793,14.913682,0.438882,0.442393,9.041732,0.015511,3.506056
HDD,4/1Mb,c,1,10,std::chrono::system_clock::now(),0.512878,0.544889,7.340951,0.078326,14.374725,0.425688,0.440723,9.076004,0.015545,3.527083
flash,4/1Mb,c,1,1,std::chrono::system_clock::now(),0.620204,0.620204,6.449487,0.000000,0.000000,0.558425,0.558425,7.163006,0.000000,0.000000
flash,4/1Mb,c,1,2,std::chrono::system_clock::now(),0.653574,0.636889,6.280525,0.016685,2.619775,0.491301,0.524863,7.621036,0.033562,6.394383
flash,4/1Mb,c,1,3,std::chrono::system_clock::now(),0.585901,0.619893,6.452725,0.027629,4.456985,0.465395,0.505040,7.920157,0.039202,7.762142
flash,4/1Mb,c,1,4,std::chrono::system_clock::now(),0.673422,0.633275,6.316368,0.033313,5.260405,0.456717,0.492960,8.114253,0.039880,8.089949
flash,4/1Mb,c,1,5,std::chrono::system_clock::now(),0.643468,0.635314,6.296101,0.030074,4.733655,0.479319,0.490232,8.159410,0.036085,7.360775
flash,4/1Mb,c,1,6,std::chrono::system_clock::now(),1.050909,0.704580,5.677143,0.157297,22.324994,0.522273,0.495572,8.071485,0.035038,7.070286
flash,4/1Mb,c,1,7,std::chrono::system_clock::now(),0.632247,0.694246,5.761643,0.147812,21.291046,0.454173,0.489658,8.168973,0.035527,7.255453
flash,4/1Mb,c,1,8,std::chrono::system_clock::now(),0.620962,0.685086,5.838684,0.140374,20.489976,0.444979,0.484073,8.263219,0.036369,7.513172
flash,4/1Mb,c,1,9,std::chrono::system_clock::now(),0.781246,0.695770,5.749024,0.135752,19.511070,0.485690,0.484252,8.260154,0.034293,7.081636
flash,4/1Mb,c,1,10,std::chrono::system_clock::now(),0.549636,0.681157,5.872363,0.136043,19.972392,0.625663,0.498394,8.025786,0.053462,10.726773
